
{"network": {
	 "mesh":{
		 "performance":[
		{"IPaddr": "10.15.141.75","Loss": "0","Latency": "16.365","Upload": "641","Download": "248"},
		{"IPaddr": "10.15.141.76","Loss": "0","Latency": "8.381","Upload": "4700.00","Download": "10900.0"},
		{"IPaddr": "10.15.141.76","Loss": "0","Latency": "16.834","Upload": "9620.00","Download": "4200.00"},
		{"IPaddr": "10.15.141.97","Loss": "0","Latency": "19.416","Upload": "7140.00","Download": "851"},
		{"IPaddr": "10.15.141.75","Loss": "0","Latency": "182.352","Upload": "520","Download": "90.2"} 
 			]
		}
	}
}
