   {
       "name":"DSP1",
       "version": "0.0.0.1",
       "registers": [
       {
          "register": 30556,
          "model": 0,
          "offset": 0,
          "data_source": "DSP1",
          "data_key": 4,
          "data_type": "String",
          "data_unit": "ASCII",
          "data_range": "16 chars",
          "data_read_write": 0,
          "data_sf_offset": 0,
          "quant": 8,
          "fmt": 0
       },
       {
          "register": 40044,
          "model": 1,
          "offset": 42,
          "data_source": "DSP1",
          "data_key": 4,
          "data_type": "String",
          "data_unit": "ASCII",
          "data_range": "16 chars",
          "data_read_write": 2,
          "data_sf_offset": 0,
          "quant": 8,
          "fmt": 0
       },
       {
          "register": 30470,
          "model": 0,
          "offset": 0,
          "data_source": "DSP1",
          "data_key": 5,
          "data_type": "uint16",
          "data_unit": "",
          "data_range": "",
          "data_read_write": 0,
          "data_sf_offset": 0,
          "quant": 1,
          "fmt": 1
       },
       {
          "register": 40077,
          "model": 103,
          "offset": 7,
          "data_source": "DSP1",
          "data_key": 10,
          "data_type": "Float32",
          "data_unit": "Volt",
          "data_range": "0-500",
          "data_read_write": 3,
          "data_sf_offset": 13,
          "quant": 1,
          "fmt": 1
       },
       {
          "register": 40132,
          "model": 113,
          "offset": 10,
          "data_source": "DSP1",
          "data_key": 10,
          "data_type": "Float32",
          "data_unit": "Volt",
          "data_range": "0-500",
          "data_read_write": 3,
          "data_sf_offset": 0,
          "quant": 1,
          "fmt": 2
       },
       {
          "register": 40078,
          "model": 103,
          "offset": 8,
          "data_source": "DSP1",
          "data_key": 11,
          "data_type": "Float32",
          "data_unit": "Volt",
          "data_range": "0-500",
          "data_read_write": 3,
          "data_sf_offset": 13,
          "quant": 1,
          "fmt": 1
       },
       {
          "register": 40134,
          "model": 113,
          "offset": 12,
          "data_source": "DSP1",
          "data_key": 11,
          "data_type": "Float32",
          "data_unit": "Volt",
          "data_range": "0-500",
          "data_read_write": 3,
          "data_sf_offset": 0,
          "quant": 1,
          "fmt": 2
       },
       {
          "register": 40079,
          "model": 103,
          "offset": 9,
          "data_source": "DSP1",
          "data_key": 12,
          "data_type": "Float32",
          "data_unit": "Volt",
          "data_range": "0-500",
          "data_read_write": 3,
          "data_sf_offset": 13,
          "quant": 1,
          "fmt": 1
       },
       {
          "register": 40136,
          "model": 113,
          "offset": 14,
          "data_source": "DSP1",
          "data_key": 12,
          "data_type": "Float32",
          "data_unit": "Volt",
          "data_range": "0-500",
          "data_read_write": 3,
          "data_sf_offset": 0,
          "quant": 1,
          "fmt": 2
       },
       {
          "register": 40073,
          "model": 103,
          "offset": 3,
          "data_source": "DSP1",
          "data_key": 13,
          "data_type": "Float32",
          "data_unit": "Amps",
          "data_range": "0-500",
          "data_read_write": 3,
          "data_sf_offset": 6,
          "quant": 2,
          "fmt": 1
       },
       {
          "register": 40126,
          "model": 113,
          "offset": 4,
          "data_source": "DSP1",
          "data_key": 13,
          "data_type": "Float32",
          "data_unit": "Amps",
          "data_range": "0-500",
          "data_read_write": 3,
          "data_sf_offset": 0,
          "quant": 1,
          "fmt": 2
       },
       {
          "register": 40074,
          "model": 103,
          "offset": 4,
          "data_source": "DSP1",
          "data_key": 14,
          "data_type": "Float32",
          "data_unit": "Amps",
          "data_range": "0-500",
          "data_read_write": 3,
          "data_sf_offset": 6,
          "quant": 2,
          "fmt": 1
       },
       {
          "register": 40128,
          "model": 113,
          "offset": 6,
          "data_source": "DSP1",
          "data_key": 14,
          "data_type": "Float32",
          "data_unit": "Amps",
          "data_range": "0-500",
          "data_read_write": 3,
          "data_sf_offset": 0,
          "quant": 1,
          "fmt": 2
       },
       {
          "register": 40075,
          "model": 103,
          "offset": 5,
          "data_source": "DSP1",
          "data_key": 15,
          "data_type": "Float32",
          "data_unit": "Amps",
          "data_range": "0-500",
          "data_read_write": 3,
          "data_sf_offset": 6,
          "quant": 2,
          "fmt": 1
       },
       {
          "register": 40130,
          "model": 113,
          "offset": 8,
          "data_source": "DSP1",
          "data_key": 15,
          "data_type": "Float32",
          "data_unit": "Amps",
          "data_range": "0-500",
          "data_read_write": 3,
          "data_sf_offset": 0,
          "quant": 1,
          "fmt": 2
       },
       {
          "register": 41072,
          "model": 160,
          "offset": 20,
          "data_source": "DSP1",
          "data_key": 16,
          "data_type": "Float32",
          "data_unit": "Volt",
          "data_range": "0-2000",
          "data_read_write": 3,
          "data_sf_offset": 0,
          "quant": 2,
          "fmt": 1
       },
       {
          "register": 41092,
          "model": 160,
          "offset": 40,
          "data_source": "DSP1",
          "data_key": 17,
          "data_type": "Float32",
          "data_unit": "Volt",
          "data_range": "0-2000",
          "data_read_write": 3,
          "data_sf_offset": 0,
          "quant": 2,
          "fmt": 1
       },
       {
          "register": 41112,
          "model": 160,
          "offset": 60,
          "data_source": "DSP1",
          "data_key": 18,
          "data_type": "Float32",
          "data_unit": "Volt",
          "data_range": "0-2000",
          "data_read_write": 3,
          "data_sf_offset": 0,
          "quant": 2,
          "fmt": 1
       },
       {
          "register": 41132,
          "model": 160,
          "offset": 80,
          "data_source": "DSP1",
          "data_key": 19,
          "data_type": "Float32",
          "data_unit": "Volt",
          "data_range": "0-2000",
          "data_read_write": 3,
          "data_sf_offset": 0,
          "quant": 2,
          "fmt": 1
       },
       {
          "register": 41071,
          "model": 160,
          "offset": 19,
          "data_source": "DSP1",
          "data_key": 20,
          "data_type": "Float32",
          "data_unit": "Amps",
          "data_range": "0-2000",
          "data_read_write": 3,
          "data_sf_offset": 0,
          "quant": 1,
          "fmt": 1
       },
       {
          "register": 41091,
          "model": 160,
          "offset": 39,
          "data_source": "DSP1",
          "data_key": 21,
          "data_type": "Float32",
          "data_unit": "Amps",
          "data_range": "0-2000",
          "data_read_write": 3,
          "data_sf_offset": 0,
          "quant": 1,
          "fmt": 1
       },
       {
          "register": 41111,
          "model": 160,
          "offset": 59,
          "data_source": "DSP1",
          "data_key": 22,
          "data_type": "Float32",
          "data_unit": "Amps",
          "data_range": "0-2000",
          "data_read_write": 3,
          "data_sf_offset": 0,
          "quant": 1,
          "fmt": 1
       },
       {
          "register": 41131,
          "model": 160,
          "offset": 79,
          "data_source": "DSP1",
          "data_key": 23,
          "data_type": "Float32",
          "data_unit": "Amps",
          "data_range": "0-2000",
          "data_read_write": 3,
          "data_sf_offset": 0,
          "quant": 1,
          "fmt": 1
       },
       {
          "register": 40099,
          "model": 103,
          "offset": 29,
          "data_source": "DSP1",
          "data_key": 24,
          "data_type": "Float32",
          "data_unit": "Volt",
          "data_range": "10-1000.0",
          "data_read_write": 3,
          "data_sf_offset": 0,
          "quant": 1,
          "fmt": 1
       },
       {
          "register": 30724,
          "model": 0,
          "offset": 0,
          "data_source": "DSP1",
          "data_key": 26,
          "data_type": "String",
          "data_unit": "ASCII",
          "data_range": "16 chars",
          "data_read_write": 0,
          "data_sf_offset": 0,
          "quant": 8,
          "fmt": 0
       },
       {
          "register": 30740,
          "model": 0,
          "offset": 0,
          "data_source": "DSP1",
          "data_key": 27,
          "data_type": "String",
          "data_unit": "ASCII",
          "data_range": "16 chars",
          "data_read_write": 0,
          "data_sf_offset": 0,
          "quant": 8,
          "fmt": 0
       },
       {
          "register": 40052,
          "model": 1,
          "offset": 50,
          "data_source": "DSP1",
          "data_key": 27,
          "data_type": "String",
          "data_unit": "ASCII",
          "data_range": "16 chars",
          "data_read_write": 2,
          "data_sf_offset": 0,
          "quant": 8,
          "fmt": 0
       },
       {
          "register": 30756,
          "model": 0,
          "offset": 0,
          "data_source": "DSP1",
          "data_key": 28,
          "data_type": "String",
          "data_unit": "ASCII",
          "data_range": "16 chars",
          "data_read_write": 0,
          "data_sf_offset": 0,
          "quant": 8,
          "fmt": 0
       },
       {
          "register": 40036,
          "model": 1,
          "offset": 34,
          "data_source": "DSP1",
          "data_key": 28,
          "data_type": "String",
          "data_unit": "ASCII",
          "data_range": "16 chars",
          "data_read_write": 2,
          "data_sf_offset": 0,
          "quant": 8,
          "fmt": 0
       },
       {
          "register": 40103,
          "model": 103,
          "offset": 33,
          "data_source": "DSP1",
          "data_key": 29,
          "data_type": "Float32",
          "data_unit": "Degree C",
          "data_range": "",
          "data_read_write": 3,
          "data_sf_offset": 0,
          "quant": 1,
          "fmt": 1
       },
       {
          "register": 40162,
          "model": 113,
          "offset": 40,
          "data_source": "DSP1",
          "data_key": 29,
          "data_type": "Float32",
          "data_unit": "Degree C",
          "data_range": "",
          "data_read_write": 3,
          "data_sf_offset": 0,
          "quant": 1,
          "fmt": 2
       },
       {
          "register": 40104,
          "model": 103,
          "offset": 34,
          "data_source": "DSP1",
          "data_key": 30,
          "data_type": "Float32",
          "data_unit": "Degree C",
          "data_range": "",
          "data_read_write": 3,
          "data_sf_offset": 0,
          "quant": 1,
          "fmt": 1
       },
       {
          "register": 40164,
          "model": 113,
          "offset": 42,
          "data_source": "DSP1",
          "data_key": 30,
          "data_type": "Float32",
          "data_unit": "Degree C",
          "data_range": "",
          "data_read_write": 3,
          "data_sf_offset": 0,
          "quant": 1,
          "fmt": 2
       },
       {
          "register": 40105,
          "model": 103,
          "offset": 35,
          "data_source": "DSP1",
          "data_key": 31,
          "data_type": "Float32",
          "data_unit": "Degree C",
          "data_range": "",
          "data_read_write": 3,
          "data_sf_offset": 0,
          "quant": 1,
          "fmt": 1
       },
       {
          "register": 40166,
          "model": 113,
          "offset": 44,
          "data_source": "DSP1",
          "data_key": 31,
          "data_type": "Float32",
          "data_unit": "Degree C",
          "data_range": "",
          "data_read_write": 3,
          "data_sf_offset": 0,
          "quant": 1,
          "fmt": 2
       },
       {
          "register": 30101,
          "model": 0,
          "offset": 0,
          "data_source": "DSP1",
          "data_key": 32,
          "data_type": "Float32",
          "data_unit": "Degree C",
          "data_range": "0-150",
          "data_read_write": 1,
          "data_sf_offset": 0,
          "quant": 2,
          "fmt": 1
       },
       {
          "register": 30102,
          "model": 0,
          "offset": 0,
          "data_source": "DSP1",
          "data_key": 33,
          "data_type": "Float32",
          "data_unit": "Degree C",
          "data_range": "0-150",
          "data_read_write": 1,
          "data_sf_offset": 0,
          "quant": 2,
          "fmt": 1
       },
       {
          "register": 30103,
          "model": 0,
          "offset": 0,
          "data_source": "DSP1",
          "data_key": 34,
          "data_type": "Float32",
          "data_unit": "Degree C",
          "data_range": "0-150",
          "data_read_write": 1,
          "data_sf_offset": 0,
          "quant": 2,
          "fmt": 1
       },
       {
          "register": 30104,
          "model": 0,
          "offset": 0,
          "data_source": "DSP1",
          "data_key": 35,
          "data_type": "Float32",
          "data_unit": "Degree C",
          "data_range": "0-150",
          "data_read_write": 1,
          "data_sf_offset": 0,
          "quant": 2,
          "fmt": 1
       },
       {
          "register": 30105,
          "model": 0,
          "offset": 0,
          "data_source": "DSP1",
          "data_key": 36,
          "data_type": "Float32",
          "data_unit": "Degree C",
          "data_range": "0-150",
          "data_read_write": 1,
          "data_sf_offset": 0,
          "quant": 2,
          "fmt": 1
       },
       {
          "register": 30100,
          "model": 0,
          "offset": 0,
          "data_source": "DSP1",
          "data_key": 39,
          "data_type": "Uint16",
          "data_unit": "N/A",
          "data_range": "",
          "data_read_write": 1,
          "data_sf_offset": 0,
          "quant": 1,
          "fmt": 1
       },
       {
          "register": 40824,
          "model": 135,
          "offset": 20,
          "data_source": "DSP1",
          "data_key": 44,
          "data_type": "Float32",
          "data_unit": "Hz",
          "data_range": "",
          "data_read_write": 5,
          "data_sf_offset": 10,
          "quant": 0,
          "fmt": 1
       },
       {
          "register": 40820,
          "model": 135,
          "offset": 16,
          "data_source": "DSP1",
          "data_key": 45,
          "data_type": "Float32",
          "data_unit": "Hz",
          "data_range": "",
          "data_read_write": 5,
          "data_sf_offset": 10,
          "quant": 0,
          "fmt": 1
       },
       {
          "register": 40886,
          "model": 136,
          "offset": 20,
          "data_source": "DSP1",
          "data_key": 46,
          "data_type": "Float32",
          "data_unit": "Hz",
          "data_range": "",
          "data_read_write": 5,
          "data_sf_offset": 10,
          "quant": 0,
          "fmt": 1
       },
       {
          "register": 40882,
          "model": 136,
          "offset": 16,
          "data_source": "DSP1",
          "data_key": 47,
          "data_type": "Float32",
          "data_unit": "Hz",
          "data_range": "",
          "data_read_write": 5,
          "data_sf_offset": 10,
          "quant": 0,
          "fmt": 1
       },
       {
          "register": 40823,
          "model": 135,
          "offset": 19,
          "data_source": "DSP1",
          "data_key": 48,
          "data_type": "Float32",
          "data_unit": "ms",
          "data_range": "",
          "data_read_write": 5,
          "data_sf_offset": 9,
          "quant": 0,
          "fmt": 1
       },
       {
          "register": 40819,
          "model": 135,
          "offset": 15,
          "data_source": "DSP1",
          "data_key": 49,
          "data_type": "Float32",
          "data_unit": "ms",
          "data_range": "",
          "data_read_write": 5,
          "data_sf_offset": 9,
          "quant": 0,
          "fmt": 1
       },
       {
          "register": 40885,
          "model": 136,
          "offset": 19,
          "data_source": "DSP1",
          "data_key": 50,
          "data_type": "Float32",
          "data_unit": "ms",
          "data_range": "",
          "data_read_write": 5,
          "data_sf_offset": 9,
          "quant": 0,
          "fmt": 1
       },
       {
          "register": 40881,
          "model": 136,
          "offset": 15,
          "data_source": "DSP1",
          "data_key": 51,
          "data_type": "Float32",
          "data_unit": "ms",
          "data_range": "",
          "data_read_write": 5,
          "data_sf_offset": 9,
          "quant": 0,
          "fmt": 1
       },
       {
          "register": 41630,
          "model": 64190,
          "offset": 2,
          "data_source": "DSP1",
          "data_key": 52,
          "data_type": "Float32",
          "data_unit": "ms",
          "data_range": "",
          "data_read_write": 5,
          "data_sf_offset": 10,
          "quant": 0,
          "fmt": 2
       },
       {
          "register": 40434,
          "model": 129,
          "offset": 24,
          "data_source": "DSP1",
          "data_key": 53,
          "data_type": "Float32",
          "data_unit": "Volt",
          "data_range": "",
          "data_read_write": 5,
          "data_sf_offset": 10,
          "quant": 0,
          "fmt": 1
       },
       {
          "register": 40430,
          "model": 129,
          "offset": 20,
          "data_source": "DSP1",
          "data_key": 54,
          "data_type": "Float32",
          "data_unit": "Volt",
          "data_range": "",
          "data_read_write": 5,
          "data_sf_offset": 10,
          "quant": 0,
          "fmt": 1
       },
       {
          "register": 40426,
          "model": 129,
          "offset": 16,
          "data_source": "DSP1",
          "data_key": 55,
          "data_type": "Float32",
          "data_unit": "Volt",
          "data_range": "",
          "data_read_write": 5,
          "data_sf_offset": 10,
          "quant": 0,
          "fmt": 1
       },
       {
          "register": 40492,
          "model": 130,
          "offset": 20,
          "data_source": "DSP1",
          "data_key": 56,
          "data_type": "Float32",
          "data_unit": "Volt",
          "data_range": "",
          "data_read_write": 5,
          "data_sf_offset": 10,
          "quant": 0,
          "fmt": 1
       },
       {
          "register": 40488,
          "model": 130,
          "offset": 16,
          "data_source": "DSP1",
          "data_key": 57,
          "data_type": "Float32",
          "data_unit": "Volt",
          "data_range": "",
          "data_read_write": 5,
          "data_sf_offset": 10,
          "quant": 0,
          "fmt": 1
       },
       {
          "register": 40433,
          "model": 129,
          "offset": 23,
          "data_source": "DSP1",
          "data_key": 58,
          "data_type": "Float32",
          "data_unit": "ms",
          "data_range": "",
          "data_read_write": 5,
          "data_sf_offset": 9,
          "quant": 0,
          "fmt": 1
       },
       {
          "register": 40429,
          "model": 129,
          "offset": 19,
          "data_source": "DSP1",
          "data_key": 59,
          "data_type": "Float32",
          "data_unit": "ms",
          "data_range": "",
          "data_read_write": 5,
          "data_sf_offset": 9,
          "quant": 0,
          "fmt": 1
       },
       {
          "register": 40425,
          "model": 129,
          "offset": 15,
          "data_source": "DSP1",
          "data_key": 60,
          "data_type": "Float32",
          "data_unit": "ms",
          "data_range": "",
          "data_read_write": 5,
          "data_sf_offset": 9,
          "quant": 0,
          "fmt": 1
       },
       {
          "register": 40491,
          "model": 130,
          "offset": 19,
          "data_source": "DSP1",
          "data_key": 61,
          "data_type": "Float32",
          "data_unit": "ms",
          "data_range": "",
          "data_read_write": 5,
          "data_sf_offset": 9,
          "quant": 0,
          "fmt": 1
       },
       {
          "register": 40487,
          "model": 130,
          "offset": 15,
          "data_source": "DSP1",
          "data_key": 62,
          "data_type": "Float32",
          "data_unit": "ms",
          "data_range": "",
          "data_read_write": 5,
          "data_sf_offset": 9,
          "quant": 0,
          "fmt": 1
       }
     ]
   }
